date,year,eyci,adjeyci
05/08/1996,1996.680365,187.25,237.01
06/08/1996,1996.683105,181.75,230.05
07/08/1996,1996.685845,183.00,231.63
08/08/1996,1996.688584,182.50,231.00
09/08/1996,1996.691324,182.50,231.00
12/08/1996,1996.699543,182.25,230.68
13/08/1996,1996.702283,183.50,232.26
14/08/1996,1996.705023,183.00,231.63
15/08/1996,1996.707763,182.75,231.31
16/08/1996,1996.710502,181.00,229.10
19/08/1996,1996.718721,179.50,227.20
20/08/1996,1996.721461,180.25,228.15
21/08/1996,1996.724201,179.75,227.52
22/08/1996,1996.726941,179.75,227.52
23/08/1996,1996.72968,180.50,228.46
26/08/1996,1996.7379,181.25,229.41
27/08/1996,1996.740639,180.50,228.46
28/08/1996,1996.743379,180.00,227.83
29/08/1996,1996.746119,179.25,226.88
30/08/1996,1996.748858,180.50,228.46
02/09/1996,1996.755479,178.25,225.62
03/09/1996,1996.758219,178.00,225.30
04/09/1996,1996.760959,179.00,226.57
05/09/1996,1996.763699,178.50,225.93
06/09/1996,1996.766438,178.75,226.25
09/09/1996,1996.774658,179.75,227.52
10/09/1996,1996.777397,180.25,228.15
11/09/1996,1996.780137,180.25,228.15
12/09/1996,1996.782877,180.75,228.78
13/09/1996,1996.785616,180.50,228.46
16/09/1996,1996.793836,181.50,229.73
17/09/1996,1996.796575,181.25,229.41
18/09/1996,1996.799315,181.00,229.10
19/09/1996,1996.802055,180.50,228.46
20/09/1996,1996.804795,180.00,227.83
23/09/1996,1996.813014,179.00,226.57
24/09/1996,1996.815753,178.00,225.30
25/09/1996,1996.818493,177.75,224.98
26/09/1996,1996.821233,177.25,224.35
27/09/1996,1996.823973,178.00,225.30
30/09/1996,1996.832192,177.75,224.98
01/10/1996,1996.836073,178.75,226.25
02/10/1996,1996.838813,179.25,226.88
03/10/1996,1996.841553,180.25,228.15
04/10/1996,1996.844292,182.25,230.68
08/10/1996,1996.855251,184.25,233.21
09/10/1996,1996.857991,184.00,232.89
10/10/1996,1996.860731,183.25,231.95
11/10/1996,1996.86347,181.50,229.73
14/10/1996,1996.871689,181.50,229.73
15/10/1996,1996.874429,179.50,227.20
16/10/1996,1996.877169,179.25,226.88
17/10/1996,1996.879909,179.50,227.20
18/10/1996,1996.882648,178.25,225.62
21/10/1996,1996.890868,177.50,224.67
22/10/1996,1996.893607,177.75,224.98
23/10/1996,1996.896347,177.75,224.98
24/10/1996,1996.899087,177.75,224.98
25/10/1996,1996.901826,177.25,224.35
28/10/1996,1996.910046,176.00,222.77
29/10/1996,1996.912785,176.00,222.77
30/10/1996,1996.915525,175.75,222.45
31/10/1996,1996.918265,175.00,221.50
01/11/1996,1996.919406,174.50,220.87
04/11/1996,1996.927626,173.50,219.60
05/11/1996,1996.930365,172.00,217.71
06/11/1996,1996.933105,171.25,216.76
07/11/1996,1996.935845,171.00,216.44
08/11/1996,1996.938584,170.50,215.81
11/11/1996,1996.946804,168.25,212.96
12/11/1996,1996.949543,168.75,213.59
13/11/1996,1996.952283,168.50,213.28
14/11/1996,1996.955023,168.75,213.59
15/11/1996,1996.957763,168.50,213.28
18/11/1996,1996.965982,170.75,216.12
19/11/1996,1996.968721,170.25,215.49
20/11/1996,1996.971461,171.00,216.44
21/11/1996,1996.974201,170.25,215.49
22/11/1996,1996.976941,169.75,214.86
25/11/1996,1996.98516,168.50,213.28
26/11/1996,1996.9879,166.25,210.43
27/11/1996,1996.990639,166.25,210.43
28/11/1996,1996.993379,166.25,210.43
29/11/1996,1996.996119,166.00,210.11
02/12/1996,1997.005479,164.50,208.21
03/12/1996,1997.008219,163.00,206.31
04/12/1996,1997.010959,162.25,205.36
05/12/1996,1997.013699,161.00,203.78
06/12/1996,1997.016438,160.50,203.15
09/12/1996,1997.024658,158.75,200.93
10/12/1996,1997.027397,159.50,201.88
11/12/1996,1997.030137,159.25,201.57
12/12/1996,1997.032877,160.00,202.52
13/12/1996,1997.035616,160.75,203.47
16/12/1996,1997.043836,163.00,206.31
17/12/1996,1997.046575,163.75,207.26
18/12/1996,1997.049315,162.50,205.68
19/12/1996,1997.052055,164.00,207.58
20/12/1996,1997.054795,164.25,207.90
10/01/1997,1997.110731,164.75,208.04
13/01/1997,1997.11895,163.50,206.46
14/01/1997,1997.121689,161.00,203.31
15/01/1997,1997.124429,158.25,199.83
16/01/1997,1997.127169,157.50,198.89
17/01/1997,1997.129909,157.00,198.26
20/01/1997,1997.138128,153.75,194.15
21/01/1997,1997.140868,152.00,191.94
22/01/1997,1997.143607,152.25,192.26
23/01/1997,1997.146347,152.25,192.26
24/01/1997,1997.149087,152.75,192.89
28/01/1997,1997.160046,154.75,195.41
29/01/1997,1997.162785,154.75,195.41
30/01/1997,1997.165525,156.75,197.94
31/01/1997,1997.168265,158.00,199.52
03/02/1997,1997.174886,160.25,202.36
04/02/1997,1997.177626,162.75,205.52
05/02/1997,1997.180365,164.25,207.41
06/02/1997,1997.183105,163.00,205.83
07/02/1997,1997.185845,162.25,204.89
10/02/1997,1997.194064,160.50,202.68
11/02/1997,1997.196804,159.25,201.10
12/02/1997,1997.199543,158.00,199.52
13/02/1997,1997.202283,158.50,200.15
14/02/1997,1997.205023,158.75,200.47
17/02/1997,1997.213242,160.00,202.04
18/02/1997,1997.215982,161.75,204.25
19/02/1997,1997.218721,162.75,205.52
20/02/1997,1997.221461,162.50,205.20
21/02/1997,1997.224201,162.25,204.89
24/02/1997,1997.23242,161.25,203.62
25/02/1997,1997.23516,160.50,202.68
26/02/1997,1997.2379,160.75,202.99
27/02/1997,1997.240639,161.50,203.94
28/02/1997,1997.243379,162.50,205.20
03/03/1997,1997.258219,165.00,208.36
04/03/1997,1997.260959,167.00,210.88
05/03/1997,1997.263699,168.50,212.78
06/03/1997,1997.266438,169.50,214.04
07/03/1997,1997.269178,170.00,214.67
10/03/1997,1997.277397,172.25,217.51
11/03/1997,1997.280137,172.25,217.51
12/03/1997,1997.282877,172.50,217.83
13/03/1997,1997.285616,171.50,216.57
14/03/1997,1997.288356,171.00,215.93
17/03/1997,1997.296575,169.25,213.72
18/03/1997,1997.299315,168.50,212.78
19/03/1997,1997.302055,167.00,210.88
20/03/1997,1997.304795,166.75,210.57
21/03/1997,1997.307534,166.75,210.57
24/03/1997,1997.315753,166.50,210.25
25/03/1997,1997.318493,166.75,210.57
26/03/1997,1997.321233,166.25,209.94
01/04/1997,1997.336073,166.00,209.62
02/04/1997,1997.338813,166.50,210.25
03/04/1997,1997.341553,165.75,209.30
04/04/1997,1997.344292,165.75,209.30
07/04/1997,1997.352511,164.50,207.73
08/04/1997,1997.355251,162.25,204.89
09/04/1997,1997.357991,160.25,202.36
10/04/1997,1997.360731,158.75,200.47
11/04/1997,1997.36347,157.50,198.89
14/04/1997,1997.371689,156.25,197.31
15/04/1997,1997.374429,153.75,194.15
16/04/1997,1997.377169,152.75,192.89
17/04/1997,1997.379909,151.50,191.31
18/04/1997,1997.382648,151.75,191.63
21/04/1997,1997.390868,151.25,190.99
22/04/1997,1997.393607,152.00,191.94
23/04/1997,1997.396347,153.75,194.15
24/04/1997,1997.399087,155.00,195.73
28/04/1997,1997.410046,157.25,198.57
29/04/1997,1997.412785,158.75,200.47
30/04/1997,1997.415525,158.50,200.15
01/05/1997,1997.419406,159.00,200.78
02/05/1997,1997.422146,159.75,201.73
05/05/1997,1997.430365,160.25,202.36
06/05/1997,1997.433105,160.25,202.36
07/05/1997,1997.435845,160.25,202.36
08/05/1997,1997.438584,160.25,202.36
09/05/1997,1997.441324,160.25,202.36
12/05/1997,1997.449543,160.25,202.36
13/05/1997,1997.452283,159.75,201.73
14/05/1997,1997.455023,160.50,202.68
15/05/1997,1997.457763,160.50,202.68
16/05/1997,1997.460502,160.25,202.36
19/05/1997,1997.468721,160.50,202.68
20/05/1997,1997.471461,161.50,203.94
21/05/1997,1997.474201,160.75,202.99
22/05/1997,1997.476941,160.50,202.68
23/05/1997,1997.47968,160.50,202.68
26/05/1997,1997.4879,160.25,202.36
27/05/1997,1997.490639,160.50,202.68
28/05/1997,1997.493379,160.50,202.68
29/05/1997,1997.496119,161.50,203.94
30/05/1997,1997.498858,161.50,203.94
02/06/1997,1997.505479,163.25,206.15
03/06/1997,1997.508219,164.00,207.10
04/06/1997,1997.510959,164.75,208.04
05/06/1997,1997.513699,165.00,208.36
06/06/1997,1997.516438,165.25,208.67
10/06/1997,1997.527397,163.75,206.78
11/06/1997,1997.530137,164.00,207.10
12/06/1997,1997.532877,165.00,208.36
13/06/1997,1997.535616,166.50,210.25
16/06/1997,1997.543836,167.50,211.51
17/06/1997,1997.546575,168.75,213.09
18/06/1997,1997.549315,169.75,214.36
19/06/1997,1997.552055,170.25,214.99
20/06/1997,1997.554795,170.00,214.67
23/06/1997,1997.563014,172.50,217.83
24/06/1997,1997.565753,174.25,220.04
25/06/1997,1997.568493,174.00,219.72
26/06/1997,1997.571233,174.00,219.72
27/06/1997,1997.573973,173.75,219.41
30/06/1997,1997.582192,173.25,218.78
01/07/1997,1997.586073,174.00,219.72
02/07/1997,1997.588813,174.75,220.67
03/07/1997,1997.591553,174.75,220.67
04/07/1997,1997.594292,175.00,220.99
07/07/1997,1997.602511,175.00,220.99
08/07/1997,1997.605251,174.25,220.04
09/07/1997,1997.607991,173.75,219.41
10/07/1997,1997.610731,173.50,219.09
11/07/1997,1997.61347,173.50,219.09
14/07/1997,1997.621689,173.75,219.41
15/07/1997,1997.624429,172.25,217.51
16/07/1997,1997.627169,172.25,217.51
17/07/1997,1997.629909,171.00,215.93
18/07/1997,1997.632648,169.50,214.04
21/07/1997,1997.640868,168.50,212.78
22/07/1997,1997.643607,169.00,213.41
23/07/1997,1997.646347,168.50,212.78
24/07/1997,1997.649087,169.00,213.41
25/07/1997,1997.651826,169.25,213.72
28/07/1997,1997.660046,169.75,214.36
29/07/1997,1997.662785,169.50,214.04
30/07/1997,1997.665525,170.00,214.67
31/07/1997,1997.668265,170.00,214.67
01/08/1997,1997.669406,170.75,215.62
04/08/1997,1997.677626,172.50,217.83
05/08/1997,1997.680365,174.50,220.35
06/08/1997,1997.683105,175.00,220.99
07/08/1997,1997.685845,176.00,222.25
08/08/1997,1997.688584,176.50,222.88
11/08/1997,1997.696804,177.00,223.51
12/08/1997,1997.699543,178.75,225.72
13/08/1997,1997.702283,179.25,226.35
14/08/1997,1997.705023,179.75,226.98
15/08/1997,1997.707763,180.50,227.93
18/08/1997,1997.715982,181.50,229.19
19/08/1997,1997.718721,181.75,229.51
20/08/1997,1997.721461,182.50,230.46
21/08/1997,1997.724201,183.25,231.40
22/08/1997,1997.726941,184.00,232.35
25/08/1997,1997.73516,185.50,234.24
26/08/1997,1997.7379,185.50,234.24
27/08/1997,1997.740639,185.75,234.56
28/08/1997,1997.743379,184.25,232.67
29/08/1997,1997.746119,184.00,232.35
01/09/1997,1997.75274,182.00,229.82
02/09/1997,1997.755479,182.50,230.46
03/09/1997,1997.758219,181.75,229.51
04/09/1997,1997.760959,182.75,230.77
05/09/1997,1997.763699,183.00,231.09
08/09/1997,1997.771918,184.50,232.98
09/09/1997,1997.774658,187.50,236.77
10/09/1997,1997.777397,189.00,238.66
11/09/1997,1997.780137,189.50,239.30
12/09/1997,1997.782877,189.25,238.98
15/09/1997,1997.791096,190.25,240.24
16/09/1997,1997.793836,190.00,239.93
17/09/1997,1997.796575,190.25,240.24
18/09/1997,1997.799315,191.25,241.51
19/09/1997,1997.802055,192.00,242.45
22/09/1997,1997.810274,194.75,245.93
23/09/1997,1997.813014,198.00,250.03
24/09/1997,1997.815753,198.25,250.35
25/09/1997,1997.818493,199.75,252.24
26/09/1997,1997.821233,199.75,252.24
29/09/1997,1997.829452,200.75,253.50
30/09/1997,1997.832192,203.50,256.97
01/10/1997,1997.836073,204.25,257.92
02/10/1997,1997.838813,204.50,258.24
03/10/1997,1997.841553,204.50,258.24
06/10/1997,1997.849772,204.00,257.61
07/10/1997,1997.852511,205.00,258.87
08/10/1997,1997.855251,206.00,260.13
09/10/1997,1997.857991,206.00,260.13
10/10/1997,1997.860731,204.75,258.55
13/10/1997,1997.86895,202.00,255.08
14/10/1997,1997.871689,195.50,246.87
15/10/1997,1997.874429,193.50,244.35
16/10/1997,1997.877169,190.75,240.87
17/10/1997,1997.879909,188.75,238.35
20/10/1997,1997.888128,185.75,234.56
21/10/1997,1997.890868,182.75,230.77
22/10/1997,1997.893607,182.50,230.46
23/10/1997,1997.896347,182.25,230.14
24/10/1997,1997.899087,183.25,231.40
27/10/1997,1997.907306,181.00,228.56
28/10/1997,1997.910046,178.50,225.41
29/10/1997,1997.912785,177.50,224.14
30/10/1997,1997.915525,177.50,224.14
31/10/1997,1997.918265,177.75,224.46
03/11/1997,1997.924886,178.25,225.09
04/11/1997,1997.927626,179.00,226.04
05/11/1997,1997.930365,178.75,225.72
06/11/1997,1997.933105,178.50,225.41
07/11/1997,1997.935845,178.75,225.72
10/11/1997,1997.944064,179.00,226.04
11/11/1997,1997.946804,179.25,226.35
12/11/1997,1997.949543,178.75,225.72
13/11/1997,1997.952283,178.25,225.09
14/11/1997,1997.955023,178.25,225.09
17/11/1997,1997.963242,178.00,224.77
18/11/1997,1997.965982,175.25,221.30
19/11/1997,1997.968721,175.50,221.62
20/11/1997,1997.971461,175.25,221.30
21/11/1997,1997.974201,174.50,220.35
24/11/1997,1997.98242,173.25,218.78
25/11/1997,1997.98516,174.50,220.35
26/11/1997,1997.9879,174.00,219.72
27/11/1997,1997.990639,173.25,218.78
28/11/1997,1997.993379,173.00,218.46
01/12/1997,1998.00274,170.75,215.62
02/12/1997,1998.005479,168.75,213.09
03/12/1997,1998.008219,167.50,211.51
04/12/1997,1998.010959,167.25,211.20
05/12/1997,1998.013699,166.25,209.94
08/12/1997,1998.021918,166.25,209.94
09/12/1997,1998.024658,165.50,208.99
10/12/1997,1998.027397,166.00,209.62
11/12/1997,1998.030137,167.00,210.88
15/12/1997,1998.041096,167.25,211.20
16/12/1997,1998.043836,167.75,211.83
17/12/1997,1998.046575,168.75,213.09
18/12/1997,1998.049315,168.75,213.09
19/12/1997,1998.052055,169.50,214.04
08/01/1998,1998.105251,170.25,213.19
09/01/1998,1998.107991,169.00,211.63
12/01/1998,1998.11621,168.00,210.38
13/01/1998,1998.11895,165.50,207.25
14/01/1998,1998.121689,164.75,206.31
15/01/1998,1998.124429,164.50,205.99
16/01/1998,1998.127169,164.75,206.31
19/01/1998,1998.135388,165.00,206.62
20/01/1998,1998.138128,166.25,208.19
21/01/1998,1998.140868,166.00,207.87
22/01/1998,1998.143607,165.00,206.62
23/01/1998,1998.146347,165.25,206.93
27/01/1998,1998.157306,165.00,206.62
28/01/1998,1998.160046,166.75,208.81
29/01/1998,1998.162785,166.75,208.81
30/01/1998,1998.165525,168.00,210.38
02/02/1998,1998.172146,167.50,209.75
03/02/1998,1998.174886,168.50,211.00
04/02/1998,1998.177626,167.50,209.75
05/02/1998,1998.180365,167.25,209.44
06/02/1998,1998.183105,166.50,208.50
09/02/1998,1998.191324,165.25,206.93
10/02/1998,1998.194064,166.25,208.19
11/02/1998,1998.196804,167.00,209.13
12/02/1998,1998.199543,167.25,209.44
13/02/1998,1998.202283,168.75,211.32
16/02/1998,1998.210502,170.50,213.51
17/02/1998,1998.213242,170.75,213.82
18/02/1998,1998.215982,172.00,215.39
19/02/1998,1998.218721,172.25,215.70
20/02/1998,1998.221461,172.75,216.33
23/02/1998,1998.22968,173.75,217.58
24/02/1998,1998.23242,174.75,218.83
25/02/1998,1998.23516,174.50,218.52
26/02/1998,1998.2379,174.00,217.89
27/02/1998,1998.240639,172.75,216.33
02/03/1998,1998.255479,171.25,214.45
03/03/1998,1998.258219,170.00,212.88
04/03/1998,1998.260959,168.50,211.00
05/03/1998,1998.263699,167.25,209.44
06/03/1998,1998.266438,167.00,209.13
09/03/1998,1998.274658,166.00,207.87
10/03/1998,1998.277397,161.00,201.61
11/03/1998,1998.280137,159.25,199.42
12/03/1998,1998.282877,158.50,198.48
13/03/1998,1998.285616,157.75,197.54
16/03/1998,1998.293836,156.50,195.98
17/03/1998,1998.296575,154.00,192.85
18/03/1998,1998.299315,153.50,192.22
19/03/1998,1998.302055,153.75,192.53
20/03/1998,1998.304795,154.25,193.16
23/03/1998,1998.313014,154.25,193.16
24/03/1998,1998.315753,154.50,193.47
25/03/1998,1998.318493,155.50,194.72
26/03/1998,1998.321233,156.00,195.35
27/03/1998,1998.323973,156.75,196.29
30/03/1998,1998.332192,156.50,195.98
31/03/1998,1998.334932,154.75,193.79
01/04/1998,1998.336073,153.00,191.59
02/04/1998,1998.338813,151.00,189.09
03/04/1998,1998.341553,149.50,187.21
06/04/1998,1998.349772,148.50,185.96
07/04/1998,1998.352511,149.25,186.90
08/04/1998,1998.355251,148.75,186.27
09/04/1998,1998.357991,150.00,187.84
14/04/1998,1998.371689,153.00,191.59
15/04/1998,1998.374429,156.25,195.66
16/04/1998,1998.377169,156.75,196.29
17/04/1998,1998.379909,158.50,198.48
20/04/1998,1998.388128,158.00,197.85
21/04/1998,1998.390868,159.50,199.73
22/04/1998,1998.393607,161.25,201.92
23/04/1998,1998.396347,163.25,204.43
24/04/1998,1998.399087,163.75,205.06
27/04/1998,1998.407306,167.00,209.13
28/04/1998,1998.410046,169.25,211.94
29/04/1998,1998.412785,169.50,212.26
30/04/1998,1998.415525,167.00,209.13
01/05/1998,1998.419406,167.50,209.75
04/05/1998,1998.427626,168.25,210.69
05/05/1998,1998.430365,170.00,212.88
06/05/1998,1998.433105,170.75,213.82
07/05/1998,1998.435845,173.50,217.26
08/05/1998,1998.438584,173.75,217.58
11/05/1998,1998.446804,174.00,217.89
12/05/1998,1998.449543,174.25,218.20
13/05/1998,1998.452283,173.75,217.58
14/05/1998,1998.455023,174.75,218.83
15/05/1998,1998.457763,175.50,219.77
18/05/1998,1998.465982,176.75,221.33
19/05/1998,1998.468721,179.25,224.47
20/05/1998,1998.471461,181.00,226.66
21/05/1998,1998.474201,180.75,226.34
22/05/1998,1998.476941,180.75,226.34
25/05/1998,1998.48516,181.00,226.66
26/05/1998,1998.4879,180.50,226.03
27/05/1998,1998.490639,180.00,225.40
28/05/1998,1998.493379,181.50,227.28
29/05/1998,1998.496119,182.75,228.85
01/06/1998,1998.50274,182.50,228.53
02/06/1998,1998.505479,183.00,229.16
03/06/1998,1998.508219,184.25,230.73
04/06/1998,1998.510959,185.00,231.67
05/06/1998,1998.513699,184.00,230.41
09/06/1998,1998.524658,183.50,229.79
10/06/1998,1998.527397,183.50,229.79
11/06/1998,1998.530137,183.25,229.47
12/06/1998,1998.532877,185.00,231.67
15/06/1998,1998.541096,186.50,233.54
16/06/1998,1998.543836,188.25,235.74
17/06/1998,1998.546575,188.75,236.36
18/06/1998,1998.549315,190.25,238.24
19/06/1998,1998.552055,190.00,237.93
22/06/1998,1998.560274,189.50,237.30
23/06/1998,1998.563014,190.50,238.55
24/06/1998,1998.565753,191.25,239.49
25/06/1998,1998.568493,191.25,239.49
26/06/1998,1998.571233,192.00,240.43
29/06/1998,1998.579452,193.25,242.00
30/06/1998,1998.582192,195.00,244.19
01/07/1998,1998.586073,195.25,244.50
02/07/1998,1998.588813,195.50,244.81
03/07/1998,1998.591553,194.50,243.56
06/07/1998,1998.599772,194.75,243.87
07/07/1998,1998.602511,194.50,243.56
08/07/1998,1998.605251,194.00,242.94
09/07/1998,1998.607991,194.75,243.87
10/07/1998,1998.610731,195.75,245.13
13/07/1998,1998.61895,196.50,246.07
14/07/1998,1998.621689,198.25,248.26
15/07/1998,1998.624429,198.75,248.88
16/07/1998,1998.627169,197.75,247.63
17/07/1998,1998.629909,197.25,247.01
20/07/1998,1998.638128,197.50,247.32
21/07/1998,1998.640868,199.00,249.20
22/07/1998,1998.643607,200.25,250.76
23/07/1998,1998.646347,201.00,251.70
24/07/1998,1998.649087,202.25,253.27
27/07/1998,1998.657306,203.75,255.15
28/07/1998,1998.660046,206.50,258.59
29/07/1998,1998.662785,207.00,259.22
30/07/1998,1998.665525,209.25,262.03
31/07/1998,1998.668265,209.75,262.66
03/08/1998,1998.674886,211.25,264.54
04/08/1998,1998.677626,210.25,263.28
05/08/1998,1998.680365,210.50,263.60
06/08/1998,1998.683105,210.25,263.28
07/08/1998,1998.685845,211.25,264.54
10/08/1998,1998.694064,211.25,264.54
11/08/1998,1998.696804,212.75,266.42
12/08/1998,1998.699543,214.25,268.29
13/08/1998,1998.702283,213.50,267.35
14/08/1998,1998.705023,211.50,264.85
17/08/1998,1998.713242,208.75,261.41
18/08/1998,1998.715982,207.75,260.15
19/08/1998,1998.718721,206.50,258.59
20/08/1998,1998.721461,206.50,258.59
21/08/1998,1998.724201,206.75,258.90
24/08/1998,1998.73242,207.50,259.84
25/08/1998,1998.73516,206.50,258.59
26/08/1998,1998.7379,206.75,258.90
27/08/1998,1998.740639,206.75,258.90
28/08/1998,1998.743379,206.75,258.90
31/08/1998,1998.751598,206.25,258.28
01/09/1998,1998.75274,207.25,259.53
02/09/1998,1998.755479,207.75,260.15
03/09/1998,1998.758219,207.00,259.22
04/09/1998,1998.760959,205.75,257.65
07/09/1998,1998.769178,205.00,256.71
08/09/1998,1998.771918,204.25,255.77
09/09/1998,1998.774658,204.75,256.40
10/09/1998,1998.777397,204.50,256.08
11/09/1998,1998.780137,204.75,256.40
14/09/1998,1998.788356,206.00,257.96
15/09/1998,1998.791096,206.50,258.59
16/09/1998,1998.793836,206.00,257.96
17/09/1998,1998.796575,206.50,258.59
18/09/1998,1998.799315,206.50,258.59
21/09/1998,1998.807534,205.75,257.65
22/09/1998,1998.810274,205.75,257.65
23/09/1998,1998.813014,206.25,258.28
24/09/1998,1998.815753,206.50,258.59
25/09/1998,1998.818493,207.75,260.15
28/09/1998,1998.826712,208.25,260.78
29/09/1998,1998.829452,209.00,261.72
30/09/1998,1998.832192,209.50,262.35
01/10/1998,1998.836073,209.50,262.35
02/10/1998,1998.838813,208.50,261.09
05/10/1998,1998.847032,209.25,262.03
06/10/1998,1998.849772,207.50,259.84
07/10/1998,1998.852511,206.25,258.28
08/10/1998,1998.855251,206.00,257.96
09/10/1998,1998.857991,205.25,257.02
12/10/1998,1998.86621,204.00,255.46
13/10/1998,1998.86895,203.75,255.15
14/10/1998,1998.871689,203.50,254.83
15/10/1998,1998.874429,202.00,252.95
16/10/1998,1998.877169,201.25,252.01
19/10/1998,1998.885388,198.00,247.94
20/10/1998,1998.888128,195.75,245.13
21/10/1998,1998.890868,195.75,245.13
22/10/1998,1998.893607,194.75,243.87
23/10/1998,1998.896347,193.50,242.31
26/10/1998,1998.904566,194.00,242.94
27/10/1998,1998.907306,192.75,241.37
28/10/1998,1998.910046,194.50,243.56
29/10/1998,1998.912785,195.25,244.50
30/10/1998,1998.915525,196.50,246.07
02/11/1998,1998.922146,196.75,246.38
03/11/1998,1998.924886,196.75,246.38
04/11/1998,1998.927626,194.75,243.87
05/11/1998,1998.930365,195.00,244.19
06/11/1998,1998.933105,194.50,243.56
09/11/1998,1998.941324,194.50,243.56
10/11/1998,1998.944064,195.50,244.81
11/11/1998,1998.946804,196.75,246.38
12/11/1998,1998.949543,197.00,246.69
13/11/1998,1998.952283,198.75,248.88
16/11/1998,1998.960502,200.00,250.45
17/11/1998,1998.963242,200.50,251.08
18/11/1998,1998.965982,199.75,250.14
19/11/1998,1998.968721,199.75,250.14
20/11/1998,1998.971461,198.25,248.26
23/11/1998,1998.97968,197.50,247.32
24/11/1998,1998.98242,198.50,248.57
25/11/1998,1998.98516,198.50,248.57
26/11/1998,1998.9879,198.50,248.57
27/11/1998,1998.990639,199.00,249.20
30/11/1998,1998.998858,199.00,249.20
01/12/1998,1999.00274,197.00,246.69
02/12/1998,1999.005479,196.75,246.38
03/12/1998,1999.008219,195.75,245.13
04/12/1998,1999.010959,195.25,244.50
07/12/1998,1999.019178,194.00,242.94
08/12/1998,1999.021918,193.75,242.62
09/12/1998,1999.024658,193.25,242.00
10/12/1998,1999.027397,193.00,241.68
11/12/1998,1999.030137,194.00,242.94
14/12/1998,1999.038356,194.25,243.25
15/12/1998,1999.041096,193.75,242.62
16/12/1998,1999.043836,193.25,242.00
17/12/1998,1999.046575,193.75,242.62
18/12/1998,1999.049315,193.50,242.31
21/12/1998,1999.057534,194.25,243.25
22/12/1998,1999.060274,195.75,245.13
23/12/1998,1999.063014,195.00,244.19
08/01/1999,1999.105251,196.25,242.16
11/01/1999,1999.11347,197.75,244.02
12/01/1999,1999.11621,198.00,244.32
13/01/1999,1999.11895,198.00,244.32
14/01/1999,1999.121689,198.00,244.32
15/01/1999,1999.124429,198.25,244.63
18/01/1999,1999.132648,198.25,244.63
19/01/1999,1999.135388,198.75,245.25
20/01/1999,1999.138128,198.75,245.25
21/01/1999,1999.140868,198.75,245.25
22/01/1999,1999.143607,198.50,244.94
25/01/1999,1999.151826,198.00,244.32
26/01/1999,1999.154566,197.50,243.71
27/01/1999,1999.157306,198.75,245.25
28/01/1999,1999.160046,199.25,245.87
29/01/1999,1999.162785,201.25,248.33
01/02/1999,1999.169406,203.25,250.80
02/02/1999,1999.172146,203.00,250.49
03/02/1999,1999.174886,203.50,251.11
04/02/1999,1999.177626,204.25,252.04
05/02/1999,1999.180365,203.50,251.11
08/02/1999,1999.188584,203.00,250.49
09/02/1999,1999.191324,202.75,250.18
10/02/1999,1999.194064,202.75,250.18
11/02/1999,1999.196804,203.00,250.49
12/02/1999,1999.199543,203.25,250.80
15/02/1999,1999.207763,203.25,250.80
16/02/1999,1999.210502,204.50,252.34
17/02/1999,1999.213242,204.75,252.65
18/02/1999,1999.215982,204.50,252.34
19/02/1999,1999.218721,204.75,252.65
22/02/1999,1999.226941,205.50,253.58
23/02/1999,1999.22968,206.00,254.20
24/02/1999,1999.23242,206.00,254.20
25/02/1999,1999.23516,206.00,254.20
26/02/1999,1999.2379,207.75,256.35
01/03/1999,1999.25274,209.25,258.21
02/03/1999,1999.255479,211.00,260.36
03/03/1999,1999.258219,212.00,261.60
04/03/1999,1999.260959,212.75,262.52
05/03/1999,1999.263699,213.25,263.14
08/03/1999,1999.271918,213.00,262.83
09/03/1999,1999.274658,213.00,262.83
10/03/1999,1999.277397,212.75,262.52
11/03/1999,1999.280137,212.50,262.22
12/03/1999,1999.282877,213.25,263.14
15/03/1999,1999.291096,214.50,264.68
16/03/1999,1999.293836,215.25,265.61
17/03/1999,1999.296575,216.00,266.53
18/03/1999,1999.299315,216.00,266.53
19/03/1999,1999.302055,215.75,266.23
22/03/1999,1999.310274,216.50,267.15
23/03/1999,1999.313014,217.25,268.08
24/03/1999,1999.315753,218.00,269.00
25/03/1999,1999.318493,219.00,270.24
26/03/1999,1999.321233,219.75,271.16
29/03/1999,1999.329452,221.50,273.32
30/03/1999,1999.332192,222.50,274.56
31/03/1999,1999.334932,222.00,273.94
01/04/1999,1999.336073,222.75,274.86
06/04/1999,1999.349772,228.00,281.34
07/04/1999,1999.352511,231.25,285.35
08/04/1999,1999.355251,231.50,285.66
09/04/1999,1999.357991,233.75,288.44
12/04/1999,1999.36621,233.75,288.44
13/04/1999,1999.36895,233.50,288.13
14/04/1999,1999.371689,233.25,287.82
15/04/1999,1999.374429,232.00,286.28
16/04/1999,1999.377169,230.50,284.43
19/04/1999,1999.385388,228.75,282.27
20/04/1999,1999.388128,226.75,279.80
21/04/1999,1999.390868,226.00,278.87
22/04/1999,1999.393607,226.50,279.49
23/04/1999,1999.396347,226.00,278.87
26/04/1999,1999.404566,226.00,278.87
27/04/1999,1999.407306,225.00,277.64
28/04/1999,1999.410046,223.50,275.79
29/04/1999,1999.412785,222.50,274.56
30/04/1999,1999.415525,222.25,274.25
03/05/1999,1999.424886,219.75,271.16
04/05/1999,1999.427626,218.75,269.93
05/05/1999,1999.430365,218.25,269.31
06/05/1999,1999.433105,217.25,268.08
07/05/1999,1999.435845,216.75,267.46
10/05/1999,1999.444064,217.50,268.39
11/05/1999,1999.446804,216.50,267.15
12/05/1999,1999.449543,217.25,268.08
13/05/1999,1999.452283,217.75,268.69
14/05/1999,1999.455023,218.25,269.31
17/05/1999,1999.463242,216.75,267.46
18/05/1999,1999.465982,217.25,268.08
19/05/1999,1999.468721,217.50,268.39
20/05/1999,1999.471461,217.50,268.39
21/05/1999,1999.474201,217.75,268.69
24/05/1999,1999.48242,219.50,270.85
25/05/1999,1999.48516,221.50,273.32
26/05/1999,1999.4879,221.50,273.32
27/05/1999,1999.490639,221.50,273.32
28/05/1999,1999.493379,221.00,272.70
31/05/1999,1999.501598,221.75,273.63
01/06/1999,1999.50274,221.75,273.63
02/06/1999,1999.505479,221.75,273.63
03/06/1999,1999.508219,221.50,273.32
04/06/1999,1999.510959,221.50,273.32
07/06/1999,1999.519178,221.00,272.70
08/06/1999,1999.521918,221.00,272.70
09/06/1999,1999.524658,221.75,273.63
10/06/1999,1999.527397,223.00,275.17
11/06/1999,1999.530137,223.75,276.10
15/06/1999,1999.541096,225.25,277.95
16/06/1999,1999.543836,226.25,279.18
17/06/1999,1999.546575,225.25,277.95
18/06/1999,1999.549315,225.00,277.64
21/06/1999,1999.557534,224.25,276.71
22/06/1999,1999.560274,224.75,277.33
23/06/1999,1999.563014,224.75,277.33
24/06/1999,1999.565753,224.75,277.33
25/06/1999,1999.568493,224.25,276.71
28/06/1999,1999.576712,224.50,277.02
29/06/1999,1999.579452,224.00,276.41
30/06/1999,1999.582192,224.00,276.41
01/07/1999,1999.586073,224.75,277.33
02/07/1999,1999.588813,225.25,277.95
05/07/1999,1999.597032,225.75,278.57
06/07/1999,1999.599772,225.00,277.64
07/07/1999,1999.602511,225.00,277.64
08/07/1999,1999.605251,224.25,276.71
09/07/1999,1999.607991,223.50,275.79
12/07/1999,1999.61621,223.00,275.17
13/07/1999,1999.61895,224.25,276.71
14/07/1999,1999.621689,224.00,276.41
15/07/1999,1999.624429,224.00,276.41
16/07/1999,1999.627169,224.50,277.02
19/07/1999,1999.635388,225.25,277.95
20/07/1999,1999.638128,226.00,278.87
21/07/1999,1999.640868,226.75,279.80
22/07/1999,1999.643607,227.50,280.73
23/07/1999,1999.646347,227.75,281.03
26/07/1999,1999.654566,229.75,283.50
27/07/1999,1999.657306,231.25,285.35
28/07/1999,1999.660046,231.50,285.66
29/07/1999,1999.662785,230.75,284.74
30/07/1999,1999.665525,230.25,284.12
02/08/1999,1999.672146,229.50,283.19
03/08/1999,1999.674886,228.75,282.27
04/08/1999,1999.677626,228.50,281.96
05/08/1999,1999.680365,228.75,282.27
06/08/1999,1999.683105,228.75,282.27
09/08/1999,1999.691324,229.25,282.88
10/08/1999,1999.694064,228.50,281.96
11/08/1999,1999.696804,229.00,282.58
12/08/1999,1999.699543,228.75,282.27
13/08/1999,1999.702283,229.25,282.88
16/08/1999,1999.710502,229.25,282.88
17/08/1999,1999.713242,230.25,284.12
18/08/1999,1999.715982,230.50,284.43
19/08/1999,1999.718721,231.00,285.04
20/08/1999,1999.721461,230.75,284.74
23/08/1999,1999.72968,230.25,284.12
24/08/1999,1999.73242,229.50,283.19
25/08/1999,1999.73516,229.00,282.58
26/08/1999,1999.7379,229.25,282.88
27/08/1999,1999.740639,229.25,282.88
30/08/1999,1999.748858,229.25,282.88
31/08/1999,1999.751598,229.75,283.50
01/09/1999,1999.75274,230.00,283.81
02/09/1999,1999.755479,230.00,283.81
03/09/1999,1999.758219,230.25,284.12
06/09/1999,1999.766438,231.00,285.04
07/09/1999,1999.769178,232.25,286.59
08/09/1999,1999.771918,232.50,286.90
09/09/1999,1999.774658,233.25,287.82
10/09/1999,1999.777397,234.50,289.36
13/09/1999,1999.785616,235.50,290.60
14/09/1999,1999.788356,236.00,291.21
15/09/1999,1999.791096,237.75,293.37
16/09/1999,1999.793836,237.50,293.06
17/09/1999,1999.796575,236.25,291.52
20/09/1999,1999.804795,236.00,291.21
21/09/1999,1999.807534,236.25,291.52
22/09/1999,1999.810274,235.00,289.98
23/09/1999,1999.813014,235.00,289.98
24/09/1999,1999.815753,234.75,289.67
27/09/1999,1999.823973,234.25,289.05
28/09/1999,1999.826712,233.25,287.82
29/09/1999,1999.829452,233.25,287.82
30/09/1999,1999.832192,233.25,287.82
01/10/1999,1999.836073,234.00,288.75
04/10/1999,1999.844292,234.25,289.05
05/10/1999,1999.847032,234.75,289.67
06/10/1999,1999.849772,235.50,290.60
07/10/1999,1999.852511,235.50,290.60
08/10/1999,1999.855251,234.50,289.36
11/10/1999,1999.86347,233.50,288.13
12/10/1999,1999.86621,234.00,288.75
13/10/1999,1999.86895,234.00,288.75
14/10/1999,1999.871689,234.00,288.75
15/10/1999,1999.874429,233.00,287.51
18/10/1999,1999.882648,232.75,287.20
19/10/1999,1999.885388,231.50,285.66
20/10/1999,1999.888128,231.25,285.35
21/10/1999,1999.890868,229.75,283.50
22/10/1999,1999.893607,230.25,284.12
25/10/1999,1999.901826,230.00,283.81
26/10/1999,1999.904566,230.25,284.12
27/10/1999,1999.907306,231.50,285.66
28/10/1999,1999.910046,233.00,287.51
29/10/1999,1999.912785,232.25,286.59
01/11/1999,1999.919406,233.00,287.51
02/11/1999,1999.922146,234.75,289.67
03/11/1999,1999.924886,237.50,293.06
04/11/1999,1999.927626,238.75,294.61
05/11/1999,1999.930365,240.75,297.08
08/11/1999,1999.938584,243.00,299.85
09/11/1999,1999.941324,241.75,298.31
10/11/1999,1999.944064,242.25,298.93
11/11/1999,1999.946804,242.75,299.54
12/11/1999,1999.949543,242.50,299.23
15/11/1999,1999.957763,243.25,300.16
16/11/1999,1999.960502,244.75,302.01
17/11/1999,1999.963242,244.25,301.39
18/11/1999,1999.965982,244.25,301.39
19/11/1999,1999.968721,245.25,302.63
22/11/1999,1999.976941,246.00,303.55
23/11/1999,1999.97968,246.25,303.86
24/11/1999,1999.98242,248.00,306.02
25/11/1999,1999.98516,247.00,304.79
26/11/1999,1999.9879,246.50,304.17
29/11/1999,1999.996119,245.25,302.63
30/11/1999,1999.998858,246.00,303.55
01/12/1999,2000.00274,245.25,302.63
02/12/1999,2000.005479,245.50,302.94
03/12/1999,2000.008219,245.25,302.63
06/12/1999,2000.016438,243.75,300.78
07/12/1999,2000.019178,242.75,299.54
08/12/1999,2000.021918,242.25,298.93
09/12/1999,2000.024658,242.00,298.62
10/12/1999,2000.027397,241.50,298.00
13/12/1999,2000.035616,242.25,298.93
14/12/1999,2000.038356,242.00,298.62
15/12/1999,2000.041096,240.25,296.46
16/12/1999,2000.043836,240.25,296.46
17/12/1999,2000.046575,241.75,298.31
20/12/1999,2000.054795,242.75,299.54
21/12/1999,2000.057534,242.75,299.54
22/12/1999,2000.060274,239.75,295.84
07/01/2000,2000.102511,249.50,294.69
10/01/2000,2000.110731,250.00,295.28
11/01/2000,2000.11347,252.25,297.94
12/01/2000,2000.11621,252.00,297.64
13/01/2000,2000.11895,252.75,298.53
14/01/2000,2000.121689,253.00,298.83
17/01/2000,2000.129909,252.75,298.53
18/01/2000,2000.132648,252.00,297.64
19/01/2000,2000.135388,252.00,297.64
20/01/2000,2000.138128,250.00,295.28
21/01/2000,2000.140868,248.75,293.81
24/01/2000,2000.149087,249.50,294.69
25/01/2000,2000.151826,247.00,291.74
26/01/2000,2000.154566,244.75,289.08
27/01/2000,2000.157306,245.25,289.67
28/01/2000,2000.160046,247.00,291.74
31/01/2000,2000.168265,245.25,289.67
01/02/2000,2000.169406,247.50,292.33
02/02/2000,2000.172146,249.75,294.99
03/02/2000,2000.174886,249.25,294.40
04/02/2000,2000.177626,247.75,292.62
07/02/2000,2000.185845,247.75,292.62
08/02/2000,2000.188584,246.25,290.85
09/02/2000,2000.191324,246.25,290.85
10/02/2000,2000.194064,246.25,290.85
11/02/2000,2000.196804,246.50,291.15
14/02/2000,2000.205023,246.25,290.85
15/02/2000,2000.207763,247.75,292.62
16/02/2000,2000.210502,246.75,291.44
17/02/2000,2000.213242,247.25,292.03
18/02/2000,2000.215982,248.00,292.92
21/02/2000,2000.224201,248.75,293.81
22/02/2000,2000.226941,248.25,293.21
23/02/2000,2000.22968,249.50,294.69
24/02/2000,2000.23242,249.50,294.69
25/02/2000,2000.23516,249.75,294.99
28/02/2000,2000.243379,250.00,295.28
29/02/2000,2000.246119,249.00,294.10
01/03/2000,2000.25274,249.25,294.40
02/03/2000,2000.255479,249.25,294.40
03/03/2000,2000.258219,249.25,294.40
06/03/2000,2000.266438,249.00,294.10
07/03/2000,2000.269178,248.50,293.51
08/03/2000,2000.271918,247.75,292.62
09/03/2000,2000.274658,248.00,292.92
10/03/2000,2000.277397,249.00,294.10
13/03/2000,2000.285616,249.50,294.69
14/03/2000,2000.288356,252.75,298.53
15/03/2000,2000.291096,255.25,301.48
16/03/2000,2000.293836,255.75,302.07
17/03/2000,2000.296575,256.00,302.37
20/03/2000,2000.304795,256.50,302.96
21/03/2000,2000.307534,257.25,303.84
22/03/2000,2000.310274,256.25,302.66
23/03/2000,2000.313014,258.50,305.32
24/03/2000,2000.315753,258.25,305.03
27/03/2000,2000.323973,258.75,305.62
28/03/2000,2000.326712,259.75,306.80
29/03/2000,2000.329452,261.00,308.27
30/03/2000,2000.332192,260.00,307.09
31/03/2000,2000.334932,259.75,306.80
03/04/2000,2000.341553,260.50,307.68
04/04/2000,2000.344292,260.75,307.98
05/04/2000,2000.347032,261.75,309.16
06/04/2000,2000.349772,262.75,310.34
07/04/2000,2000.352511,263.25,310.93
10/04/2000,2000.360731,264.00,311.82
11/04/2000,2000.36347,264.50,312.41
12/04/2000,2000.36621,263.25,310.93
13/04/2000,2000.36895,262.25,309.75
14/04/2000,2000.371689,262.25,309.75
17/04/2000,2000.379909,262.25,309.75
18/04/2000,2000.382648,261.75,309.16
19/04/2000,2000.385388,260.50,307.68
26/04/2000,2000.404566,263.75,311.52
27/04/2000,2000.407306,265.00,313.00
28/04/2000,2000.410046,267.25,315.66
01/05/2000,2000.419406,268.00,316.54
02/05/2000,2000.422146,265.75,313.88
03/05/2000,2000.424886,265.50,313.59
04/05/2000,2000.427626,264.50,312.41
05/05/2000,2000.430365,263.75,311.52
08/05/2000,2000.438584,262.25,309.75
09/05/2000,2000.441324,261.75,309.16
10/05/2000,2000.444064,262.25,309.75
11/05/2000,2000.446804,262.25,309.75
12/05/2000,2000.449543,262.25,309.75
15/05/2000,2000.457763,262.00,309.46
16/05/2000,2000.460502,262.00,309.46
17/05/2000,2000.463242,260.25,307.39
18/05/2000,2000.465982,259.25,306.21
19/05/2000,2000.468721,259.50,306.50
22/05/2000,2000.476941,259.50,306.50
23/05/2000,2000.47968,257.25,303.84
24/05/2000,2000.48242,257.00,303.55
25/05/2000,2000.48516,256.50,302.96
26/05/2000,2000.4879,256.00,302.37
29/05/2000,2000.496119,254.75,300.89
30/05/2000,2000.498858,256.00,302.37
31/05/2000,2000.501598,256.25,302.66
01/06/2000,2000.50274,257.25,303.84
02/06/2000,2000.505479,257.50,304.14
05/06/2000,2000.513699,259.50,306.50
06/06/2000,2000.516438,259.75,306.80
07/06/2000,2000.519178,261.00,308.27
08/06/2000,2000.521918,261.50,308.86
09/06/2000,2000.524658,261.25,308.57
13/06/2000,2000.535616,258.50,305.32
14/06/2000,2000.538356,257.75,304.44
15/06/2000,2000.541096,256.50,302.96
16/06/2000,2000.543836,255.75,302.07
19/06/2000,2000.552055,255.75,302.07
20/06/2000,2000.554795,255.75,302.07
21/06/2000,2000.557534,255.75,302.07
22/06/2000,2000.560274,256.00,302.37
23/06/2000,2000.563014,256.50,302.96
26/06/2000,2000.571233,258.00,304.73
27/06/2000,2000.573973,258.50,305.32
28/06/2000,2000.576712,258.75,305.62
29/06/2000,2000.579452,260.25,307.39
30/06/2000,2000.582192,260.00,307.09
03/07/2000,2000.591553,261.00,308.27
04/07/2000,2000.594292,263.00,310.64
05/07/2000,2000.597032,264.75,312.70
06/07/2000,2000.599772,264.00,311.82
07/07/2000,2000.602511,264.75,312.70
10/07/2000,2000.610731,265.00,313.00
11/07/2000,2000.61347,267.50,315.95
12/07/2000,2000.61621,267.50,315.95
13/07/2000,2000.61895,268.75,317.43
14/07/2000,2000.621689,269.00,317.72
17/07/2000,2000.629909,269.25,318.02
18/07/2000,2000.632648,269.00,317.72
19/07/2000,2000.635388,269.75,318.61
20/07/2000,2000.638128,269.50,318.31
21/07/2000,2000.640868,269.25,318.02
24/07/2000,2000.649087,269.00,317.72
25/07/2000,2000.651826,267.75,316.25
26/07/2000,2000.654566,267.25,315.66
27/07/2000,2000.657306,267.00,315.36
28/07/2000,2000.660046,267.25,315.66
31/07/2000,2000.668265,268.00,316.54
01/08/2000,2000.669406,269.50,318.31
02/08/2000,2000.672146,270.25,319.20
03/08/2000,2000.674886,270.25,319.20
04/08/2000,2000.677626,271.25,320.38
07/08/2000,2000.685845,272.25,321.56
08/08/2000,2000.688584,272.75,322.15
09/08/2000,2000.691324,274.00,323.63
10/08/2000,2000.694064,275.00,324.81
11/08/2000,2000.696804,274.50,324.22
14/08/2000,2000.705023,274.75,324.51
15/08/2000,2000.707763,276.00,325.99
16/08/2000,2000.710502,277.50,327.76
17/08/2000,2000.713242,277.50,327.76
18/08/2000,2000.715982,277.75,328.06
21/08/2000,2000.724201,277.25,327.47
22/08/2000,2000.726941,276.25,326.29
23/08/2000,2000.72968,275.25,325.11
24/08/2000,2000.73242,275.00,324.81
25/08/2000,2000.73516,275.25,325.11
28/08/2000,2000.743379,275.25,325.11
29/08/2000,2000.746119,275.25,325.11
30/08/2000,2000.748858,276.00,325.99
31/08/2000,2000.751598,276.75,326.88
01/09/2000,2000.75274,277.25,327.47
04/09/2000,2000.760959,279.00,329.53
05/09/2000,2000.763699,279.25,329.83
06/09/2000,2000.766438,280.00,330.72
07/09/2000,2000.769178,279.75,330.42
08/09/2000,2000.771918,279.25,329.83
11/09/2000,2000.780137,278.50,328.94
12/09/2000,2000.782877,277.00,327.17
13/09/2000,2000.785616,275.50,325.40
14/09/2000,2000.788356,275.25,325.11
15/09/2000,2000.791096,275.50,325.40
18/09/2000,2000.799315,274.50,324.22
19/09/2000,2000.802055,273.50,323.04
20/09/2000,2000.804795,271.75,320.97
21/09/2000,2000.807534,269.50,318.31
22/09/2000,2000.810274,267.75,316.25
25/09/2000,2000.818493,267.00,315.36
26/09/2000,2000.821233,266.00,314.18
27/09/2000,2000.823973,265.75,313.88
28/09/2000,2000.826712,264.50,312.41
29/09/2000,2000.829452,264.50,312.41
02/10/2000,2000.838813,264.25,312.11
03/10/2000,2000.841553,263.75,311.52
04/10/2000,2000.844292,264.25,312.11
05/10/2000,2000.847032,264.50,312.41
06/10/2000,2000.849772,264.00,311.82
09/10/2000,2000.857991,262.75,310.34
10/10/2000,2000.860731,262.75,310.34
11/10/2000,2000.86347,261.50,308.86
12/10/2000,2000.86621,261.00,308.27
13/10/2000,2000.86895,260.25,307.39
16/10/2000,2000.877169,260.25,307.39
17/10/2000,2000.879909,260.00,307.09
18/10/2000,2000.882648,260.50,307.68
19/10/2000,2000.885388,261.75,309.16
20/10/2000,2000.888128,262.50,310.05
23/10/2000,2000.896347,262.50,310.05
24/10/2000,2000.899087,264.75,312.70
25/10/2000,2000.901826,269.00,317.72
26/10/2000,2000.904566,271.50,320.68
27/10/2000,2000.907306,271.75,320.97
30/10/2000,2000.915525,274.50,324.22
31/10/2000,2000.918265,277.75,328.06
01/11/2000,2000.919406,278.00,328.35
02/11/2000,2000.922146,278.00,328.35
03/11/2000,2000.924886,278.00,328.35
06/11/2000,2000.933105,280.00,330.72
07/11/2000,2000.935845,280.75,331.60
08/11/2000,2000.938584,281.50,332.49
09/11/2000,2000.941324,281.50,332.49
10/11/2000,2000.944064,282.50,333.67
13/11/2000,2000.952283,283.50,334.85
14/11/2000,2000.955023,284.75,336.33
15/11/2000,2000.957763,286.00,337.80
16/11/2000,2000.960502,289.00,341.35
17/11/2000,2000.963242,290.50,343.12
20/11/2000,2000.971461,293.75,346.96
21/11/2000,2000.974201,297.00,350.79
22/11/2000,2000.976941,302.75,357.59
23/11/2000,2000.97968,304.75,359.95
24/11/2000,2000.98242,303.75,358.77
27/11/2000,2000.990639,303.25,358.18
28/11/2000,2000.993379,301.50,356.11
29/11/2000,2000.996119,298.75,352.86
30/11/2000,2000.998858,297.75,351.68
01/12/2000,2001.00274,296.75,350.50
04/12/2000,2001.010959,294.75,348.14
05/12/2000,2001.013699,294.00,347.25
06/12/2000,2001.016438,296.50,350.20
07/12/2000,2001.019178,297.25,351.09
08/12/2000,2001.021918,297.25,351.09
11/12/2000,2001.030137,296.25,349.91
12/12/2000,2001.032877,296.50,350.20
13/12/2000,2001.035616,295.25,348.73
14/12/2000,2001.038356,294.75,348.14
15/12/2000,2001.041096,294.50,347.84
18/12/2000,2001.049315,294.25,347.55
19/12/2000,2001.052055,296.75,350.50
20/12/2000,2001.054795,294.00,347.25
08/01/2001,2001.105251,293.00,331.58
09/01/2001,2001.107991,293.25,331.87
10/01/2001,2001.110731,295.25,334.13
11/01/2001,2001.11347,294.50,333.28
12/01/2001,2001.11621,293.00,331.58
15/01/2001,2001.124429,291.50,329.89
16/01/2001,2001.127169,290.25,328.47
17/01/2001,2001.129909,287.75,325.64
18/01/2001,2001.132648,287.50,325.36
19/01/2001,2001.135388,287.25,325.08
22/01/2001,2001.143607,285.25,322.81
23/01/2001,2001.146347,282.50,319.70
24/01/2001,2001.149087,280.50,317.44
25/01/2001,2001.151826,279.00,315.74
29/01/2001,2001.162785,282.75,319.98
30/01/2001,2001.165525,284.50,321.96
31/01/2001,2001.168265,289.50,327.62
01/02/2001,2001.169406,291.00,329.32
02/02/2001,2001.172146,290.75,329.04
05/02/2001,2001.180365,292.50,331.02
06/02/2001,2001.183105,295.00,333.85
07/02/2001,2001.185845,298.50,337.81
08/02/2001,2001.188584,299.00,338.37
09/02/2001,2001.191324,299.00,338.37
12/02/2001,2001.199543,300.00,339.51
13/02/2001,2001.202283,301.00,340.64
14/02/2001,2001.205023,299.25,338.66
15/02/2001,2001.207763,300.75,340.35
16/02/2001,2001.210502,301.25,340.92
19/02/2001,2001.218721,302.00,341.77
20/02/2001,2001.221461,302.50,342.34
21/02/2001,2001.224201,304.50,344.60
22/02/2001,2001.226941,304.25,344.32
23/02/2001,2001.22968,304.50,344.60
26/02/2001,2001.2379,305.50,345.73
27/02/2001,2001.240639,308.00,348.56
28/02/2001,2001.243379,307.75,348.28
01/03/2001,2001.25274,308.00,348.56
02/03/2001,2001.255479,308.75,349.41
05/03/2001,2001.263699,309.75,350.54
06/03/2001,2001.266438,308.00,348.56
07/03/2001,2001.269178,307.25,347.71
08/03/2001,2001.271918,307.75,348.28
09/03/2001,2001.274658,308.00,348.56
12/03/2001,2001.282877,308.25,348.84
13/03/2001,2001.285616,309.25,349.97
14/03/2001,2001.288356,310.25,351.11
15/03/2001,2001.291096,311.50,352.52
16/03/2001,2001.293836,312.25,353.37
19/03/2001,2001.302055,313.75,355.07
20/03/2001,2001.304795,313.75,355.07
21/03/2001,2001.307534,313.75,355.07
22/03/2001,2001.310274,315.75,357.33
23/03/2001,2001.313014,316.25,357.90
26/03/2001,2001.321233,317.75,359.59
27/03/2001,2001.323973,321.50,363.84
28/03/2001,2001.326712,324.50,367.23
29/03/2001,2001.329452,325.75,368.65
30/03/2001,2001.332192,326.50,369.50
02/04/2001,2001.338813,328.00,371.19
03/04/2001,2001.341553,330.00,373.46
04/04/2001,2001.344292,330.50,374.02
05/04/2001,2001.347032,330.00,373.46
06/04/2001,2001.349772,329.75,373.17
09/04/2001,2001.357991,330.50,374.02
10/04/2001,2001.360731,330.50,374.02
11/04/2001,2001.36347,330.50,374.02
12/04/2001,2001.36621,332.50,376.29
17/04/2001,2001.379909,333.50,377.42
18/04/2001,2001.382648,333.25,377.13
19/04/2001,2001.385388,330.75,374.31
20/04/2001,2001.388128,331.50,375.15
23/04/2001,2001.396347,330.75,374.31
24/04/2001,2001.399087,329.50,372.89
26/04/2001,2001.404566,328.75,372.04
27/04/2001,2001.407306,327.25,370.34
30/04/2001,2001.415525,328.25,371.48
01/05/2001,2001.419406,327.25,370.34
02/05/2001,2001.422146,326.75,369.78
03/05/2001,2001.424886,325.25,368.08
04/05/2001,2001.427626,325.75,368.65
07/05/2001,2001.435845,324.75,367.52
08/05/2001,2001.438584,323.00,365.53
09/05/2001,2001.441324,323.00,365.53
10/05/2001,2001.444064,323.00,365.53
11/05/2001,2001.446804,322.75,365.25
14/05/2001,2001.455023,321.75,364.12
15/05/2001,2001.457763,323.75,366.38
16/05/2001,2001.460502,323.50,366.10
17/05/2001,2001.463242,323.50,366.10
18/05/2001,2001.465982,324.00,366.67
21/05/2001,2001.474201,323.75,366.38
22/05/2001,2001.476941,323.00,365.53
23/05/2001,2001.47968,323.00,365.53
24/05/2001,2001.48242,323.75,366.38
25/05/2001,2001.48516,323.00,365.53
28/05/2001,2001.493379,323.00,365.53
29/05/2001,2001.496119,324.50,367.23
30/05/2001,2001.498858,324.00,366.67
31/05/2001,2001.501598,321.75,364.12
01/06/2001,2001.50274,322.00,364.40
04/06/2001,2001.510959,322.25,364.69
05/06/2001,2001.513699,320.00,362.14
06/06/2001,2001.516438,317.50,359.31
07/06/2001,2001.519178,316.50,358.18
08/06/2001,2001.521918,316.00,357.61
12/06/2001,2001.532877,310.75,351.67
13/06/2001,2001.535616,312.75,353.94
14/06/2001,2001.538356,316.75,358.46
15/06/2001,2001.541096,319.00,361.01
18/06/2001,2001.549315,323.25,365.82
19/06/2001,2001.552055,327.75,370.91
20/06/2001,2001.554795,330.50,374.02
21/06/2001,2001.557534,332.25,376.00
22/06/2001,2001.560274,331.50,375.15
25/06/2001,2001.568493,333.25,377.13
26/06/2001,2001.571233,334.75,378.83
27/06/2001,2001.573973,335.75,379.96
28/06/2001,2001.576712,337.00,381.38
29/06/2001,2001.579452,337.75,382.23
02/07/2001,2001.588813,335.25,379.40
03/07/2001,2001.591553,331.75,375.44
04/07/2001,2001.594292,330.75,374.31
05/07/2001,2001.597032,328.50,371.76
06/07/2001,2001.599772,328.25,371.48
09/07/2001,2001.607991,327.75,370.91
10/07/2001,2001.610731,327.50,370.63
11/07/2001,2001.61347,327.75,370.91
12/07/2001,2001.61621,328.25,371.48
13/07/2001,2001.61895,328.50,371.76
16/07/2001,2001.627169,328.25,371.48
17/07/2001,2001.629909,331.00,374.59
18/07/2001,2001.632648,332.00,375.72
19/07/2001,2001.635388,332.25,376.00
20/07/2001,2001.638128,331.75,375.44
23/07/2001,2001.646347,334.00,377.98
24/07/2001,2001.649087,334.75,378.83
25/07/2001,2001.651826,336.00,380.25
26/07/2001,2001.654566,338.75,383.36
27/07/2001,2001.657306,339.50,384.21
30/07/2001,2001.665525,342.75,387.89
31/07/2001,2001.668265,351.75,398.07
01/08/2001,2001.669406,356.50,403.45
02/08/2001,2001.672146,359.25,406.56
03/08/2001,2001.674886,359.25,406.56
06/08/2001,2001.683105,359.75,407.12
07/08/2001,2001.685845,360.50,407.97
08/08/2001,2001.688584,361.00,408.54
09/08/2001,2001.691324,360.75,408.26
10/08/2001,2001.694064,360.75,408.26
13/08/2001,2001.702283,361.75,409.39
14/08/2001,2001.705023,362.00,409.67
15/08/2001,2001.707763,362.00,409.67
16/08/2001,2001.710502,362.50,410.24
17/08/2001,2001.713242,362.50,410.24
20/08/2001,2001.721461,363.25,411.09
21/08/2001,2001.724201,364.50,412.50
22/08/2001,2001.726941,365.75,413.91
23/08/2001,2001.72968,366.00,414.20
24/08/2001,2001.73242,366.75,415.05
27/08/2001,2001.740639,366.25,414.48
28/08/2001,2001.743379,367.75,416.18
29/08/2001,2001.746119,369.00,417.59
30/08/2001,2001.748858,369.75,418.44
31/08/2001,2001.751598,369.50,418.16
03/09/2001,2001.758219,370.75,419.57
04/09/2001,2001.760959,372.50,421.55
05/09/2001,2001.763699,373.25,422.40
06/09/2001,2001.766438,372.75,421.84
07/09/2001,2001.769178,373.75,422.97
10/09/2001,2001.777397,378.25,428.06
11/09/2001,2001.780137,380.75,430.89
12/09/2001,2001.782877,383.75,434.28
13/09/2001,2001.785616,385.25,435.98
14/09/2001,2001.788356,385.00,435.70
17/09/2001,2001.796575,384.00,434.57
18/09/2001,2001.799315,383.75,434.28
19/09/2001,2001.802055,384.50,435.13
20/09/2001,2001.804795,385.00,435.70
21/09/2001,2001.807534,384.75,435.42
24/09/2001,2001.815753,383.25,433.72
25/09/2001,2001.818493,383.50,434.00
26/09/2001,2001.821233,379.50,429.48
27/09/2001,2001.823973,376.50,426.08
28/09/2001,2001.826712,374.50,423.82
01/10/2001,2001.836073,371.50,420.42
02/10/2001,2001.838813,361.50,409.10
03/10/2001,2001.841553,358.25,405.43
04/10/2001,2001.844292,353.75,400.33
05/10/2001,2001.847032,353.25,399.77
08/10/2001,2001.855251,348.50,394.39
09/10/2001,2001.857991,341.75,386.75
10/10/2001,2001.860731,338.00,382.51
11/10/2001,2001.86347,334.75,378.83
12/10/2001,2001.86621,334.25,378.27
15/10/2001,2001.874429,334.00,377.98
16/10/2001,2001.877169,334.50,378.55
17/10/2001,2001.879909,334.50,378.55
18/10/2001,2001.882648,335.25,379.40
19/10/2001,2001.885388,334.50,378.55
22/10/2001,2001.893607,333.50,377.42
23/10/2001,2001.896347,334.00,377.98
24/10/2001,2001.899087,334.50,378.55
25/10/2001,2001.901826,335.75,379.96
26/10/2001,2001.904566,336.00,380.25
29/10/2001,2001.912785,338.00,382.51
30/10/2001,2001.915525,342.25,387.32
31/10/2001,2001.918265,352.00,398.35
01/11/2001,2001.919406,352.25,398.64
02/11/2001,2001.922146,351.75,398.07
05/11/2001,2001.930365,354.00,400.62
06/11/2001,2001.933105,354.25,400.90
07/11/2001,2001.935845,347.00,392.70
08/11/2001,2001.938584,348.75,394.68
09/11/2001,2001.941324,349.00,394.96
12/11/2001,2001.949543,350.00,396.09
13/11/2001,2001.952283,353.50,400.05
14/11/2001,2001.955023,358.25,405.43
15/11/2001,2001.957763,359.50,406.84
16/11/2001,2001.960502,359.50,406.84
19/11/2001,2001.968721,359.75,407.12
20/11/2001,2001.971461,359.50,406.84
21/11/2001,2001.974201,360.00,407.41
22/11/2001,2001.976941,359.50,406.84
23/11/2001,2001.97968,359.00,406.28
26/11/2001,2001.9879,358.50,405.71
27/11/2001,2001.990639,359.00,406.28
28/11/2001,2001.993379,356.50,403.45
29/11/2001,2001.996119,356.25,403.16
30/11/2001,2001.998858,357.00,404.01
03/12/2001,2002.008219,355.50,402.31
04/12/2001,2002.010959,358.25,405.43
05/12/2001,2002.013699,361.75,409.39
06/12/2001,2002.016438,362.50,410.24
07/12/2001,2002.019178,360.75,408.26
10/12/2001,2002.027397,363.75,411.65
11/12/2001,2002.030137,361.75,409.39
12/12/2001,2002.032877,358.75,405.99
13/12/2001,2002.035616,358.75,405.99
14/12/2001,2002.038356,360.75,408.26
17/12/2001,2002.046575,360.25,407.69
18/12/2001,2002.049315,360.75,408.26
19/12/2001,2002.052055,360.50,407.97
20/12/2001,2002.054795,360.50,407.97
08/01/2002,2002.105251,340.25,359.08
09/01/2002,2002.107991,346.50,365.68
10/01/2002,2002.110731,345.50,364.62
11/01/2002,2002.11347,345.00,364.10
14/01/2002,2002.121689,342.00,360.93
15/01/2002,2002.124429,341.00,359.87
16/01/2002,2002.127169,335.50,354.07
17/01/2002,2002.129909,335.00,353.54
18/01/2002,2002.132648,334.50,353.02
21/01/2002,2002.140868,331.50,349.85
22/01/2002,2002.143607,325.75,343.78
23/01/2002,2002.146347,321.75,339.56
24/01/2002,2002.149087,319.00,336.66
25/01/2002,2002.151826,318.75,336.39
28/01/2002,2002.160046,318.00,335.60
29/01/2002,2002.162785,317.50,335.07
30/01/2002,2002.165525,315.75,333.23
31/01/2002,2002.168265,315.50,332.96
01/02/2002,2002.169406,314.75,332.17
04/02/2002,2002.177626,313.00,330.33
05/02/2002,2002.180365,314.50,331.91
06/02/2002,2002.183105,319.00,336.66
07/02/2002,2002.185845,321.00,338.77
08/02/2002,2002.188584,322.50,340.35
11/02/2002,2002.196804,325.50,343.52
12/02/2002,2002.199543,326.75,344.84
13/02/2002,2002.202283,327.00,345.10
14/02/2002,2002.205023,327.25,345.36
15/02/2002,2002.207763,327.25,345.36
18/02/2002,2002.215982,328.25,346.42
19/02/2002,2002.218721,330.00,348.27
20/02/2002,2002.221461,331.50,349.85
21/02/2002,2002.224201,333.25,351.70
22/02/2002,2002.226941,334.25,352.75
25/02/2002,2002.23516,337.00,355.65
26/02/2002,2002.2379,340.25,359.08
27/02/2002,2002.240639,341.00,359.87
28/02/2002,2002.243379,341.50,360.40
01/03/2002,2002.25274,342.50,361.46
04/03/2002,2002.260959,344.75,363.83
05/03/2002,2002.263699,346.50,365.68
06/03/2002,2002.266438,349.25,368.58
07/03/2002,2002.269178,350.50,369.90
08/03/2002,2002.271918,350.50,369.90
11/03/2002,2002.280137,350.75,370.16
12/03/2002,2002.282877,348.00,367.26
13/03/2002,2002.285616,343.00,361.99
14/03/2002,2002.288356,339.50,358.29
15/03/2002,2002.291096,338.25,356.97
18/03/2002,2002.299315,333.25,351.70
19/03/2002,2002.302055,324.00,341.93
20/03/2002,2002.304795,318.75,336.39
21/03/2002,2002.307534,316.25,333.75
22/03/2002,2002.310274,316.25,333.75
25/03/2002,2002.318493,315.25,332.70
26/03/2002,2002.321233,319.75,337.45
27/03/2002,2002.323973,321.50,339.30
02/04/2002,2002.338813,329.50,347.74
03/04/2002,2002.341553,334.00,352.49
04/04/2002,2002.344292,334.75,353.28
05/04/2002,2002.347032,335.50,354.07
08/04/2002,2002.355251,334.00,352.49
09/04/2002,2002.357991,332.25,350.64
10/04/2002,2002.360731,327.50,345.63
11/04/2002,2002.36347,323.00,340.88
12/04/2002,2002.36621,322.25,340.09
15/04/2002,2002.374429,319.25,336.92
16/04/2002,2002.377169,317.00,334.55
17/04/2002,2002.379909,315.00,332.44
18/04/2002,2002.382648,316.75,334.28
19/04/2002,2002.385388,316.00,333.49
22/04/2002,2002.393607,316.00,333.49
23/04/2002,2002.396347,314.50,331.91
24/04/2002,2002.399087,311.75,329.01
26/04/2002,2002.404566,309.50,326.63
29/04/2002,2002.412785,307.00,323.99
30/04/2002,2002.415525,303.50,320.30
01/05/2002,2002.419406,304.00,320.83
02/05/2002,2002.422146,304.00,320.83
03/05/2002,2002.424886,303.00,319.77
06/05/2002,2002.433105,302.25,318.98
07/05/2002,2002.435845,298.25,314.76
08/05/2002,2002.438584,294.00,310.27
09/05/2002,2002.441324,289.50,305.52
10/05/2002,2002.444064,288.25,304.21
13/05/2002,2002.452283,284.50,300.25
14/05/2002,2002.455023,278.00,293.39
15/05/2002,2002.457763,275.75,291.01
16/05/2002,2002.460502,276.00,291.28
17/05/2002,2002.463242,276.00,291.28
20/05/2002,2002.471461,275.50,290.75
21/05/2002,2002.474201,277.50,292.86
22/05/2002,2002.476941,279.00,294.44
23/05/2002,2002.47968,279.75,295.23
24/05/2002,2002.48242,280.50,296.03
27/05/2002,2002.490639,283.50,299.19
28/05/2002,2002.493379,283.50,299.19
29/05/2002,2002.496119,282.50,298.14
30/05/2002,2002.498858,278.25,293.65
31/05/2002,2002.501598,275.75,291.01
03/06/2002,2002.508219,269.00,283.89
04/06/2002,2002.510959,261.50,275.97
05/06/2002,2002.513699,258.00,272.28
06/06/2002,2002.516438,258.00,272.28
07/06/2002,2002.519178,259.25,273.60
11/06/2002,2002.530137,260.00,274.39
12/06/2002,2002.532877,263.25,277.82
13/06/2002,2002.535616,268.00,282.83
14/06/2002,2002.538356,269.75,284.68
17/06/2002,2002.546575,272.00,287.06
18/06/2002,2002.549315,275.50,290.75
19/06/2002,2002.552055,276.00,291.28
20/06/2002,2002.554795,276.25,291.54
21/06/2002,2002.557534,276.25,291.54
24/06/2002,2002.565753,276.75,292.07
25/06/2002,2002.568493,280.50,296.03
26/06/2002,2002.571233,282.25,297.87
27/06/2002,2002.573973,282.00,297.61
28/06/2002,2002.576712,280.00,295.50
01/07/2002,2002.586073,280.75,296.29
02/07/2002,2002.588813,277.25,292.60
03/07/2002,2002.591553,275.25,290.49
04/07/2002,2002.594292,271.25,286.26
05/07/2002,2002.597032,267.50,282.31
08/07/2002,2002.605251,260.50,274.92
09/07/2002,2002.607991,246.75,260.41
10/07/2002,2002.610731,237.50,250.65
11/07/2002,2002.61347,234.25,247.22
12/07/2002,2002.61621,234.25,247.22
15/07/2002,2002.624429,231.75,244.58
16/07/2002,2002.627169,236.25,249.33
17/07/2002,2002.629909,242.25,255.66
18/07/2002,2002.632648,245.25,258.83
19/07/2002,2002.635388,247.25,260.94
22/07/2002,2002.643607,252.00,265.95
23/07/2002,2002.646347,250.00,263.84
24/07/2002,2002.649087,249.00,262.78
25/07/2002,2002.651826,245.50,259.09
26/07/2002,2002.654566,245.00,258.56
29/07/2002,2002.662785,243.50,256.98
30/07/2002,2002.665525,243.00,256.45
31/07/2002,2002.668265,242.75,256.19
01/08/2002,2002.669406,245.00,258.56
02/08/2002,2002.672146,246.00,259.62
05/08/2002,2002.680365,247.50,261.20
06/08/2002,2002.683105,249.75,263.57
07/08/2002,2002.685845,249.50,263.31
08/08/2002,2002.688584,250.75,264.63
09/08/2002,2002.691324,250.50,264.37
12/08/2002,2002.699543,251.25,265.16
13/08/2002,2002.702283,248.75,262.52
14/08/2002,2002.705023,248.25,261.99
15/08/2002,2002.707763,246.50,260.14
16/08/2002,2002.710502,245.50,259.09
19/08/2002,2002.718721,241.50,254.87
20/08/2002,2002.721461,238.75,251.97
21/08/2002,2002.724201,238.75,251.97
22/08/2002,2002.726941,239.75,253.02
23/08/2002,2002.72968,239.75,253.02
26/08/2002,2002.7379,242.25,255.66
27/08/2002,2002.740639,249.75,263.57
28/08/2002,2002.743379,251.75,265.68
29/08/2002,2002.746119,252.25,266.21
30/08/2002,2002.748858,252.50,266.48
02/09/2002,2002.755479,252.00,265.95
03/09/2002,2002.758219,250.50,264.37
04/09/2002,2002.760959,251.00,264.89
05/09/2002,2002.763699,251.75,265.68
06/09/2002,2002.766438,252.25,266.21
09/09/2002,2002.774658,253.75,267.80
10/09/2002,2002.777397,257.50,271.75
11/09/2002,2002.780137,260.50,274.92
12/09/2002,2002.782877,262.25,276.77
13/09/2002,2002.785616,262.25,276.77
16/09/2002,2002.793836,264.50,279.14
17/09/2002,2002.796575,270.00,284.94
18/09/2002,2002.799315,273.50,288.64
19/09/2002,2002.802055,275.25,290.49
20/09/2002,2002.804795,275.50,290.75
23/09/2002,2002.813014,277.50,292.86
24/09/2002,2002.815753,276.25,291.54
25/09/2002,2002.818493,276.50,291.80
26/09/2002,2002.821233,274.75,289.96
27/09/2002,2002.823973,274.50,289.69
30/09/2002,2002.832192,272.75,287.85
01/10/2002,2002.836073,270.50,285.47
02/10/2002,2002.838813,263.50,278.09
03/10/2002,2002.841553,261.25,275.71
04/10/2002,2002.844292,261.25,275.71
07/10/2002,2002.852511,259.00,273.34
08/10/2002,2002.855251,253.25,267.27
09/10/2002,2002.857991,247.00,260.67
10/10/2002,2002.860731,244.25,257.77
11/10/2002,2002.86347,243.75,257.24
14/10/2002,2002.871689,242.00,255.40
15/10/2002,2002.874429,240.50,253.81
16/10/2002,2002.877169,240.50,253.81
17/10/2002,2002.879909,240.00,253.28
18/10/2002,2002.882648,240.00,253.28
21/10/2002,2002.890868,237.25,250.38
22/10/2002,2002.893607,234.25,247.22
23/10/2002,2002.896347,232.25,245.11
24/10/2002,2002.899087,232.25,245.11
25/10/2002,2002.901826,232.25,245.11
28/10/2002,2002.910046,230.25,242.99
29/10/2002,2002.912785,225.75,238.25
30/10/2002,2002.915525,225.75,238.25
31/10/2002,2002.918265,224.50,236.93
01/11/2002,2002.919406,223.50,235.87
04/11/2002,2002.927626,221.50,233.76
05/11/2002,2002.930365,224.25,236.66
06/11/2002,2002.933105,224.50,236.93
07/11/2002,2002.935845,225.25,237.72
08/11/2002,2002.938584,225.25,237.72
11/11/2002,2002.946804,227.25,239.83
12/11/2002,2002.949543,226.00,238.51
13/11/2002,2002.952283,225.00,237.45
14/11/2002,2002.955023,225.00,237.45
15/11/2002,2002.957763,225.25,237.72
18/11/2002,2002.965982,223.00,235.34
19/11/2002,2002.968721,223.75,236.13
20/11/2002,2002.971461,224.50,236.93
21/11/2002,2002.974201,224.50,236.93
22/11/2002,2002.976941,224.75,237.19
25/11/2002,2002.98516,227.75,240.36
26/11/2002,2002.9879,229.25,241.94
27/11/2002,2002.990639,230.25,242.99
28/11/2002,2002.993379,231.50,244.31
29/11/2002,2002.996119,231.50,244.31
02/12/2002,2003.005479,233.00,245.90
03/12/2002,2003.008219,234.75,247.74
04/12/2002,2003.010959,235.75,248.80
05/12/2002,2003.013699,236.00,249.06
06/12/2002,2003.016438,236.50,249.59
09/12/2002,2003.024658,240.25,253.55
10/12/2002,2003.027397,240.75,254.08
11/12/2002,2003.030137,245.25,258.83
12/12/2002,2003.032877,247.50,261.20
13/12/2002,2003.035616,247.50,261.20
16/12/2002,2003.043836,249.50,263.31
17/12/2002,2003.046575,251.25,265.16
18/12/2002,2003.049315,250.00,263.84
19/12/2002,2003.052055,249.50,263.31
20/12/2002,2003.054795,250.00,263.84
09/01/2003,2003.107991,265.25,272.39
10/01/2003,2003.110731,265.00,272.14
13/01/2003,2003.11895,265.25,272.39
14/01/2003,2003.121689,262.75,269.83
15/01/2003,2003.124429,263.00,270.08
16/01/2003,2003.127169,261.75,268.80
17/01/2003,2003.129909,261.25,268.29
20/01/2003,2003.138128,255.00,261.87
21/01/2003,2003.140868,249.00,255.71
22/01/2003,2003.143607,240.50,246.98
23/01/2003,2003.146347,238.25,244.67
24/01/2003,2003.149087,238.50,244.92
28/01/2003,2003.160046,239.50,245.95
29/01/2003,2003.162785,244.00,250.57
30/01/2003,2003.165525,243.00,249.54
31/01/2003,2003.168265,242.25,248.77
03/02/2003,2003.174886,246.25,252.88
04/02/2003,2003.177626,246.50,253.14
05/02/2003,2003.180365,249.50,256.22
06/02/2003,2003.183105,251.50,258.27
07/02/2003,2003.185845,252.00,258.79
10/02/2003,2003.194064,256.50,263.41
11/02/2003,2003.196804,260.25,267.26
12/02/2003,2003.199543,263.50,270.60
13/02/2003,2003.202283,265.00,272.14
14/02/2003,2003.205023,265.00,272.14
17/02/2003,2003.213242,265.50,272.65
18/02/2003,2003.215982,264.25,271.37
19/02/2003,2003.218721,264.50,271.62
20/02/2003,2003.221461,265.50,272.65
21/02/2003,2003.224201,266.00,273.16
24/02/2003,2003.23242,273.50,280.87
25/02/2003,2003.23516,283.75,291.39
26/02/2003,2003.2379,294.50,302.43
27/02/2003,2003.240639,302.00,310.13
28/02/2003,2003.243379,304.50,312.70
03/03/2003,2003.258219,312.50,320.92
04/03/2003,2003.260959,318.50,327.08
05/03/2003,2003.263699,320.75,329.39
06/03/2003,2003.266438,323.75,332.47
07/03/2003,2003.269178,324.50,333.24
10/03/2003,2003.277397,325.50,334.27
11/03/2003,2003.280137,330.00,338.89
12/03/2003,2003.282877,330.25,339.14
13/03/2003,2003.285616,330.25,339.14
14/03/2003,2003.288356,329.25,338.12
17/03/2003,2003.296575,329.75,338.63
18/03/2003,2003.299315,326.75,335.55
19/03/2003,2003.302055,325.00,333.75
20/03/2003,2003.304795,323.75,332.47
21/03/2003,2003.307534,324.00,332.73
24/03/2003,2003.315753,322.25,330.93
25/03/2003,2003.318493,321.00,329.64
26/03/2003,2003.321233,320.50,329.13
27/03/2003,2003.323973,318.50,327.08
28/03/2003,2003.326712,318.75,327.33
31/03/2003,2003.334932,316.00,324.51
01/04/2003,2003.336073,313.75,322.20
02/04/2003,2003.338813,310.75,319.12
03/04/2003,2003.341553,312.00,320.40
04/04/2003,2003.344292,311.50,319.89
07/04/2003,2003.352511,313.75,322.20
08/04/2003,2003.355251,314.75,323.23
09/04/2003,2003.357991,317.25,325.79
10/04/2003,2003.360731,317.50,326.05
11/04/2003,2003.36347,318.25,326.82
14/04/2003,2003.371689,320.50,329.13
15/04/2003,2003.374429,324.25,332.98
16/04/2003,2003.377169,327.00,335.81
22/04/2003,2003.393607,330.75,339.66
23/04/2003,2003.396347,328.75,337.60
24/04/2003,2003.399087,327.00,335.81
28/04/2003,2003.410046,327.00,335.81
29/04/2003,2003.412785,325.75,334.52
30/04/2003,2003.415525,323.00,331.70
01/05/2003,2003.419406,322.50,331.19
02/05/2003,2003.422146,323.25,331.96
05/05/2003,2003.430365,321.50,330.16
06/05/2003,2003.433105,317.25,325.79
07/05/2003,2003.435845,313.75,322.20
08/05/2003,2003.438584,311.00,319.38
09/05/2003,2003.441324,309.75,318.09
12/05/2003,2003.449543,304.25,312.44
13/05/2003,2003.452283,299.25,307.31
14/05/2003,2003.455023,296.00,303.97
15/05/2003,2003.457763,295.50,303.46
16/05/2003,2003.460502,295.50,303.46
19/05/2003,2003.468721,297.00,305.00
20/05/2003,2003.471461,300.50,308.59
21/05/2003,2003.474201,309.00,317.32
22/05/2003,2003.476941,311.75,320.15
23/05/2003,2003.47968,312.50,320.92
26/05/2003,2003.4879,314.25,322.71
27/05/2003,2003.490639,315.75,324.25
28/05/2003,2003.493379,313.25,321.69
29/05/2003,2003.496119,312.25,320.66
30/05/2003,2003.498858,311.75,320.15
02/06/2003,2003.505479,310.50,318.86
03/06/2003,2003.508219,307.25,315.52
04/06/2003,2003.510959,307.50,315.78
05/06/2003,2003.513699,307.75,316.04
06/06/2003,2003.516438,307.75,316.04
10/06/2003,2003.527397,305.25,313.47
11/06/2003,2003.530137,302.50,310.65
12/06/2003,2003.532877,301.50,309.62
13/06/2003,2003.535616,301.00,309.11
16/06/2003,2003.543836,302.50,310.65
17/06/2003,2003.546575,300.75,308.85
18/06/2003,2003.549315,299.75,307.82
19/06/2003,2003.552055,298.75,306.80
20/06/2003,2003.554795,298.50,306.54
23/06/2003,2003.563014,296.25,304.23
24/06/2003,2003.565753,299.00,307.05
25/06/2003,2003.568493,304.50,312.70
26/06/2003,2003.571233,306.00,314.24
27/06/2003,2003.573973,306.00,314.24
30/06/2003,2003.582192,310.50,318.86
01/07/2003,2003.586073,313.50,321.94
02/07/2003,2003.588813,314.25,322.71
03/07/2003,2003.591553,315.00,323.48
04/07/2003,2003.594292,315.25,323.74
07/07/2003,2003.602511,314.75,323.23
08/07/2003,2003.605251,313.75,322.20
09/07/2003,2003.607991,309.75,318.09
10/07/2003,2003.610731,308.50,316.81
11/07/2003,2003.61347,308.25,316.55
14/07/2003,2003.621689,309.50,317.83
15/07/2003,2003.624429,311.50,319.89
16/07/2003,2003.627169,315.75,324.25
17/07/2003,2003.629909,317.25,325.79
18/07/2003,2003.632648,316.75,325.28
21/07/2003,2003.640868,317.00,325.54
22/07/2003,2003.643607,319.50,328.10
23/07/2003,2003.646347,322.00,330.67
24/07/2003,2003.649087,323.00,331.70
25/07/2003,2003.651826,324.00,332.73
28/07/2003,2003.660046,325.75,334.52
29/07/2003,2003.662785,327.25,336.06
30/07/2003,2003.665525,327.25,336.06
31/07/2003,2003.668265,329.50,338.37
01/08/2003,2003.669406,329.50,338.37
04/08/2003,2003.677626,330.50,339.40
05/08/2003,2003.680365,330.25,339.14
06/08/2003,2003.683105,332.25,341.20
07/08/2003,2003.685845,329.00,337.86
08/08/2003,2003.688584,328.25,337.09
11/08/2003,2003.696804,328.00,336.83
12/08/2003,2003.699543,326.50,335.29
13/08/2003,2003.702283,325.50,334.27
14/08/2003,2003.705023,326.50,335.29
15/08/2003,2003.707763,327.00,335.81
18/08/2003,2003.715982,327.00,335.81
19/08/2003,2003.718721,331.25,340.17
20/08/2003,2003.721461,333.50,342.48
21/08/2003,2003.724201,334.50,343.51
22/08/2003,2003.726941,334.25,343.25
25/08/2003,2003.73516,336.75,345.82
26/08/2003,2003.7379,339.50,348.64
27/08/2003,2003.740639,341.00,350.18
28/08/2003,2003.743379,341.75,350.95
29/08/2003,2003.746119,341.25,350.44
01/09/2003,2003.75274,341.00,350.18
02/09/2003,2003.755479,340.25,349.41
03/09/2003,2003.758219,339.00,348.13
04/09/2003,2003.760959,338.75,347.87
05/09/2003,2003.763699,339.00,348.13
08/09/2003,2003.771918,338.75,347.87
09/09/2003,2003.774658,337.25,346.33
10/09/2003,2003.777397,338.00,347.10
11/09/2003,2003.780137,338.00,347.10
12/09/2003,2003.782877,337.50,346.59
15/09/2003,2003.791096,337.50,346.59
16/09/2003,2003.793836,336.25,345.31
17/09/2003,2003.796575,334.25,343.25
18/09/2003,2003.799315,333.00,341.97
19/09/2003,2003.802055,333.00,341.97
22/09/2003,2003.810274,329.75,338.63
23/09/2003,2003.813014,328.00,336.83
24/09/2003,2003.815753,329.00,337.86
25/09/2003,2003.818493,328.25,337.09
26/09/2003,2003.821233,327.75,336.58
29/09/2003,2003.829452,326.75,335.55
30/09/2003,2003.832192,328.25,337.09
01/10/2003,2003.836073,329.00,337.86
02/10/2003,2003.838813,331.00,339.91
03/10/2003,2003.841553,331.75,340.68
06/10/2003,2003.849772,336.00,345.05
07/10/2003,2003.852511,339.00,348.13
08/10/2003,2003.855251,342.25,351.47
09/10/2003,2003.857991,343.00,352.24
10/10/2003,2003.860731,342.75,351.98
13/10/2003,2003.86895,342.75,351.98
14/10/2003,2003.871689,340.75,349.93
15/10/2003,2003.874429,339.25,348.39
16/10/2003,2003.877169,336.75,345.82
17/10/2003,2003.879909,336.25,345.31
20/10/2003,2003.888128,333.00,341.97
21/10/2003,2003.890868,332.50,341.45
22/10/2003,2003.893607,332.00,340.94
23/10/2003,2003.896347,332.50,341.45
24/10/2003,2003.899087,332.25,341.20
27/10/2003,2003.907306,333.50,342.48
28/10/2003,2003.910046,333.25,342.22
29/10/2003,2003.912785,332.50,341.45
30/10/2003,2003.915525,333.50,342.48
31/10/2003,2003.918265,334.25,343.25
03/11/2003,2003.924886,334.25,343.25
04/11/2003,2003.927626,336.00,345.05
05/11/2003,2003.930365,337.25,346.33
06/11/2003,2003.933105,335.75,344.79
07/11/2003,2003.935845,334.50,343.51
10/11/2003,2003.944064,331.75,340.68
11/11/2003,2003.946804,329.00,337.86
12/11/2003,2003.949543,327.25,336.06
13/11/2003,2003.952283,325.00,333.75
14/11/2003,2003.955023,325.50,334.27
17/11/2003,2003.963242,321.25,329.90
18/11/2003,2003.965982,316.75,325.28
19/11/2003,2003.968721,315.00,323.48
20/11/2003,2003.971461,317.50,326.05
21/11/2003,2003.974201,315.50,324.00
24/11/2003,2003.98242,314.00,322.46
25/11/2003,2003.98516,312.50,320.92
26/11/2003,2003.9879,312.50,320.92
27/11/2003,2003.990639,311.25,319.63
28/11/2003,2003.993379,312.75,321.17
01/12/2003,2004.00274,314.75,323.23
02/12/2003,2004.005479,314.75,323.23
03/12/2003,2004.008219,315.25,323.74
04/12/2003,2004.010959,316.00,324.51
05/12/2003,2004.013699,315.50,324.00
08/12/2003,2004.021918,317.75,326.31
09/12/2003,2004.024658,318.00,326.56
10/12/2003,2004.027397,319.50,328.10
11/12/2003,2004.030137,320.00,328.62
12/12/2003,2004.032877,320.00,328.62
15/12/2003,2004.041096,316.75,325.28
16/12/2003,2004.043836,316.75,325.28
17/12/2003,2004.046575,314.00,322.46
18/12/2003,2004.049315,313.25,321.69
19/12/2003,2004.052055,312.75,321.17
09/01/2004,2004.107991,318.00,318.00
12/01/2004,2004.11621,318.75,318.75
13/01/2004,2004.11895,318.25,318.25
14/01/2004,2004.121689,322.25,322.25
15/01/2004,2004.124429,323.25,323.25
16/01/2004,2004.127169,323.50,323.50
19/01/2004,2004.135388,327.25,327.25
20/01/2004,2004.138128,332.50,332.50
21/01/2004,2004.140868,333.50,333.50
22/01/2004,2004.143607,333.50,333.50
23/01/2004,2004.146347,334.50,334.50
27/01/2004,2004.157306,335.25,335.25
28/01/2004,2004.160046,341.00,341.00
29/01/2004,2004.162785,341.75,341.75
30/01/2004,2004.165525,339.75,339.75
02/02/2004,2004.172146,335.75,335.75
03/02/2004,2004.174886,336.25,336.25
04/02/2004,2004.177626,332.00,332.00
05/02/2004,2004.180365,333.00,333.00
06/02/2004,2004.183105,333.50,333.50
09/02/2004,2004.191324,334.00,334.00
10/02/2004,2004.194064,332.50,332.50
11/02/2004,2004.196804,332.75,332.75
12/02/2004,2004.199543,329.75,329.75
13/02/2004,2004.202283,330.00,330.00
16/02/2004,2004.210502,324.50,324.50
17/02/2004,2004.213242,323.50,323.50
18/02/2004,2004.215982,322.00,322.00
19/02/2004,2004.218721,321.75,321.75
20/02/2004,2004.221461,322.00,322.00
23/02/2004,2004.22968,323.50,323.50
24/02/2004,2004.23242,323.75,323.75
25/02/2004,2004.23516,324.75,324.75
26/02/2004,2004.2379,325.00,325.00
27/02/2004,2004.240639,324.75,324.75
01/03/2004,2004.25274,325.00,325.00
02/03/2004,2004.255479,323.75,323.75
03/03/2004,2004.258219,323.75,323.75
04/03/2004,2004.260959,324.00,324.00
05/03/2004,2004.263699,323.00,323.00
08/03/2004,2004.271918,326.00,326.00
09/03/2004,2004.274658,327.75,327.75
10/03/2004,2004.277397,326.50,326.50
11/03/2004,2004.280137,327.25,327.25
12/03/2004,2004.282877,328.25,328.25
15/03/2004,2004.291096,328.00,328.00
16/03/2004,2004.293836,327.75,327.75
17/03/2004,2004.296575,327.50,327.50
18/03/2004,2004.299315,326.50,326.50
19/03/2004,2004.302055,326.75,326.75
22/03/2004,2004.310274,327.00,327.00
23/03/2004,2004.313014,327.00,327.00
24/03/2004,2004.315753,327.50,327.50
25/03/2004,2004.318493,327.25,327.25
26/03/2004,2004.321233,325.75,325.75
29/03/2004,2004.329452,325.25,325.25
30/03/2004,2004.332192,323.75,323.75
31/03/2004,2004.334932,323.25,323.25
01/04/2004,2004.336073,322.50,322.50
02/04/2004,2004.338813,323.75,323.75
05/04/2004,2004.347032,322.25,322.25
06/04/2004,2004.349772,323.25,323.25
07/04/2004,2004.352511,320.25,320.25
08/04/2004,2004.355251,320.25,320.25
13/04/2004,2004.36895,324.00,324.00
14/04/2004,2004.371689,325.25,325.25
15/04/2004,2004.374429,324.00,324.00
16/04/2004,2004.377169,323.25,323.25
19/04/2004,2004.385388,320.25,320.25
20/04/2004,2004.388128,316.25,316.25
21/04/2004,2004.390868,316.25,316.25
22/04/2004,2004.393607,314.25,314.25
23/04/2004,2004.396347,313.50,313.50
26/04/2004,2004.404566,312.50,312.50
27/04/2004,2004.407306,312.75,312.75
28/04/2004,2004.410046,310.75,310.75
29/04/2004,2004.412785,313.50,313.50
30/04/2004,2004.415525,315.25,315.25
03/05/2004,2004.424886,317.25,317.25
04/05/2004,2004.427626,318.75,318.75
05/05/2004,2004.430365,321.50,321.50
06/05/2004,2004.433105,319.75,319.75
07/05/2004,2004.435845,319.25,319.25
10/05/2004,2004.444064,319.00,319.00
11/05/2004,2004.446804,320.00,320.00
12/05/2004,2004.449543,319.75,319.75
13/05/2004,2004.452283,321.00,321.00
14/05/2004,2004.455023,321.00,321.00
17/05/2004,2004.463242,320.75,320.75
18/05/2004,2004.465982,320.25,320.25
19/05/2004,2004.468721,319.00,319.00
20/05/2004,2004.471461,318.50,318.50
21/05/2004,2004.474201,318.50,318.50
24/05/2004,2004.48242,319.75,319.75
25/05/2004,2004.48516,324.00,324.00
26/05/2004,2004.4879,327.50,327.50
27/05/2004,2004.490639,329.50,329.50
28/05/2004,2004.493379,329.75,329.75
31/05/2004,2004.501598,330.25,330.25
01/06/2004,2004.50274,332.00,332.00
02/06/2004,2004.505479,329.75,329.75
03/06/2004,2004.508219,330.00,330.00
04/06/2004,2004.510959,330.50,330.50
07/06/2004,2004.519178,332.75,332.75
08/06/2004,2004.521918,333.25,333.25
09/06/2004,2004.524658,334.50,334.50
10/06/2004,2004.527397,336.00,336.00
11/06/2004,2004.530137,335.75,335.75
15/06/2004,2004.541096,337.00,337.00
16/06/2004,2004.543836,340.50,340.50
17/06/2004,2004.546575,340.25,340.25
18/06/2004,2004.549315,340.75,340.75
21/06/2004,2004.557534,341.25,341.25
22/06/2004,2004.560274,344.25,344.25
23/06/2004,2004.563014,346.50,346.50
24/06/2004,2004.565753,348.25,348.25
25/06/2004,2004.568493,348.75,348.75
28/06/2004,2004.576712,352.00,352.00
29/06/2004,2004.579452,355.00,355.00
30/06/2004,2004.582192,356.00,356.00
01/07/2004,2004.586073,357.00,357.00
02/07/2004,2004.588813,357.00,357.00
05/07/2004,2004.597032,358.00,358.00
06/07/2004,2004.599772,357.75,357.75
07/07/2004,2004.602511,358.00,358.00
08/07/2004,2004.605251,357.25,357.25
09/07/2004,2004.607991,357.25,357.25
12/07/2004,2004.61621,357.00,357.00
13/07/2004,2004.61895,358.50,358.50
14/07/2004,2004.621689,355.00,355.00
15/07/2004,2004.624429,355.25,355.25
16/07/2004,2004.627169,355.50,355.50
19/07/2004,2004.635388,355.50,355.50
20/07/2004,2004.638128,356.00,356.00
21/07/2004,2004.640868,357.00,357.00
22/07/2004,2004.643607,357.75,357.75
23/07/2004,2004.646347,357.50,357.50
26/07/2004,2004.654566,357.50,357.50
27/07/2004,2004.657306,358.50,358.50
28/07/2004,2004.660046,361.50,361.50
29/07/2004,2004.662785,363.00,363.00
30/07/2004,2004.665525,363.50,363.50
02/08/2004,2004.672146,365.25,365.25
03/08/2004,2004.674886,369.75,369.75
04/08/2004,2004.677626,373.50,373.50
05/08/2004,2004.680365,373.50,373.50
06/08/2004,2004.683105,374.00,374.00
09/08/2004,2004.691324,376.25,376.25
10/08/2004,2004.694064,377.00,377.00
11/08/2004,2004.696804,375.75,375.75
12/08/2004,2004.699543,375.75,375.75
13/08/2004,2004.702283,375.50,375.50
16/08/2004,2004.710502,376.75,376.75
17/08/2004,2004.713242,376.50,376.50
18/08/2004,2004.715982,375.50,375.50
19/08/2004,2004.718721,376.50,376.50
20/08/2004,2004.721461,376.75,376.75
23/08/2004,2004.72968,375.25,375.25
24/08/2004,2004.73242,375.00,375.00
